obs,Oil,SP500,ln(OIL),ln(SP500),SPReturns,Unnamed: 6,Oil(+),Oil(-),Unnamed: 9,CPI,Real Oil,RealSP500,ln(realSP500),RealSPreturns,Unnamed: 15,Real oil(+),Real Oil(-),Date,WTI_Return,SP500_Return,WTI_Zscore,SP500_Zscore
2004M02,34.67999473168041,1144.9394127963808,3.546163,7.043107,1.2134999999999785,3.546163,41.631983,-41.081552,2004M02,186.2,18.625131434844473,614.8976438219017,6.421455821145125,0.6749957369112103,18.625131434844473,28.127043,-28.289093,2004-02-01,0.010783729756500993,0.012208927847998208,-0.020510902661075695,0.17571317802698863
2004M03,36.73999706862649,1126.2096709230557,3.603866,7.026613,-1.6493999999999787,3.603866,41.689686,-41.081552,2004M03,187.4,19.60512116789033,600.9656728511503,6.39853781618377,-2.2918004961355543,19.60512116789033,28.178322,-28.289093,2004-03-01,0.059400307090134996,-0.016358718779345582,0.5563165063653807,-0.5053623084160946
2004M04,36.74999170703835,1107.3001121649975,3.604138,7.00968,-1.6932999999999865,3.604138,41.689958,-41.081552,2004M04,188,19.547867929275718,588.9894213643603,6.378408223158142,-2.0129593025627557,19.547867929275718,28.178322,-28.292018,2004-04-01,0.00027203699535394144,-0.016790442531504524,-0.14523034677751284,-0.5156549470904069
2004M05,40.27999726698753,1120.6800863936423,3.695855,7.021691,1.2010999999999328,3.695855,41.781675,-41.081552,2004M05,189.1,21.300897549966965,592.6388611283144,6.384585210323679,0.6176987165536829,21.300897549966965,28.264205,-28.292018,2004-05-01,0.09605459473540812,0.012083421722485221,0.9912133858194189,0.17272101186782285
2004M06,38.029987756617366,1140.8398720446032,3.638375,7.03952,1.782900000000076,3.638375,41.781675,-41.139032,2004M06,189.7,20.04743687749993,601.3916036081198,6.399246309047124,1.4661098723444788,20.04743687749993,28.264205,-28.352666,2004-06-01,-0.055859226986944566,0.01798888540603527,-0.8112182328866705,0.313511977375498
2004M07,40.78000957733464,1101.7201388788562,3.708192,7.004628,-3.4892000000000145,3.708192,41.851492,-41.139032,2004M07,189.4,21.531156059838775,581.6896192602197,6.3659370052361135,-3.330930381101016,21.531156059838775,28.335605,-28.352666,2004-07-01,0.07231193021456495,-0.03429029272586426,0.7095107154533675,-0.932865336846367
2004M08,44.900009215806385,1104.2404477524906,3.804438,7.006913,0.22849999999996484,3.804438,41.947738,-41.139032,2004M08,189.5,23.693936261639255,582.7126373364067,6.36769416146561,0.17571562294964593,23.693936261639255,28.431323,-28.352666,2004-08-01,0.10102988403322066,0.002287612602052569,1.050244345878979,-0.060818892515354245
2004M09,45.93999093783275,1114.5800765521105,3.827336,7.016233,0.9319999999999773,3.827336,41.970636,-41.139032,2004M09,189.9,24.19167505941693,586.9300034502952,6.374905568169851,0.7211406704240808,24.19167505941693,28.452113,-28.352666,2004-09-01,0.023162171683035027,0.009363566441226379,0.12635720233255415,0.10787749210217693
2004M10,53.27999860235193,1130.2001274913785,3.975561,7.03015,1.391700000000018,3.975561,42.118861,-41.139032,2004M10,190.9,27.909899739314785,592.0377828660966,6.38357045525639,0.8664887086538897,27.909899739314785,28.595085,-28.352666,2004-10-01,0.15977381611702723,0.014014292259366012,1.7472310939873412,0.21875450588710169
2004M11,48.46999758341748,1173.8203912848905,3.880945,7.068019,3.786899999999971,3.880945,42.118861,-41.233648,2004M11,191,25.37696208555889,614.5656498873773,6.4209157579414615,3.7345302685071857,25.37696208555889,28.595085,-28.447805,2004-11-01,-0.09027779927010215,0.03859516799943452,-1.2195887303866757,0.8047821937905193
2004M12,43.14998198360856,1211.919808698361,3.764682,7.099961,3.1942000000000803,3.764682,42.118861,-41.349911,2004M12,190.3,22.674714652448007,636.8469830259385,6.456529411685988,3.561365374452663,22.674714652448007,28.595085,-28.560397,2004-12-01,-0.10975894089231397,0.03245762102647243,-1.4507291574410444,0.6584581775106351
2005M01,46.84002160591444,1181.269515819318,3.846738,7.074345,-2.5616000000000305,3.846738,42.200917,-41.349911,2005M01,190.7,24.562150815896402,619.4386553850646,6.428813673381718,-2.7715738304269877,24.562150815896402,28.675042,-28.560397,2005-01-01,0.08551659705692605,-0.025290693871867997,0.8661818383394132,-0.7183077204198428
2005M02,48.14999334354539,1203.5995850518825,3.874321,7.093072,1.872700000000016,3.874321,42.2285,-41.349911,2005M02,191.8,25.104271816238473,627.5284593596884,6.441789023538754,1.297535015703577,25.104271816238473,28.696873,-28.560397,2005-02-01,0.027966932821942736,0.018903450003174394,0.18336487483338534,0.33531592699744367
2005M03,54.18997888877106,1180.5904810889153,3.992496,7.07377,-1.9302000000000596,3.992496,42.346675,-41.349911,2005M03,193.3,28.034132896415443,610.7555515203908,6.414696799773806,-2.7092223764948464,28.034132896415443,28.807258,-28.560397,2005-03-01,0.12544104631813702,-0.01911690918535447,1.3398786283481214,-0.5711197681389789
2005M04,52.97997436595514,1156.8499153721552,3.969914,7.053456,-2.0313999999999943,3.969914,42.346675,-41.372493,2005M04,194.6,27.225063908507263,594.475804405013,6.387680016236186,-2.701678353761938,27.225063908507263,28.807258,-28.589682,2005-04-01,-0.022328935121003535,-0.020109060759886055,-0.4133870312329298,-0.5947734531997073
2005M05,49.829989421425324,1191.499646674076,3.908617,7.082968,2.9512000000000427,3.908617,42.346675,-41.43379,2005M05,194.4,25.632710607729077,612.9113408817263,6.4182202939617525,3.0540277725566334,25.632710607729077,28.807258,-28.64995,2005-05-01,-0.059456143235773085,0.02995179481927357,-0.8538950315032922,0.5987172816198182
2005M06,56.34998644862764,1191.330465736379,4.031582,7.082826,-0.014200000000030855,4.031582,42.46964,-41.43379,2005M06,194.5,28.971715397752,612.509236882457,6.41756402292959,-0.06562710321622589,28.971715397752,28.929709,-28.64995,2005-06-01,0.13084484068541502,-0.00014198991847735876,1.4039937280680739,-0.11874255490585053
2005M07,58.99997380956839,1234.1799248055768,4.077537,7.118162,3.5336000000000034,4.077537,42.515595,-41.43379,2005M07,195.4,30.194459472655268,631.617157014113,6.448283446379409,3.0719423449818706,30.194459472655268,28.971047,-28.64995,2005-07-01,0.04702729366859115,0.03596773548698917,0.4095128096588026,0.742142106566909
2005M08,64.98997323021784,1220.3304967302183,4.174233,7.106877,-1.128499999999999,4.174233,42.612291,-41.43379,2005M08,196.4,33.090617734326806,621.3495400866692,6.4318937900677255,-1.6389656311683432,33.090617734326806,29.062638,-28.64995,2005-08-01,0.10152545897703469,-0.011221563239687371,1.0561242581742634,-0.3828884220037083
2005M09,65.5899839104048,1228.8106139368197,4.183423,7.113802,0.6924999999999848,4.183423,42.621481,-41.43379,2005M09,198.8,32.99294965312112,618.1139909138931,6.426672891765617,-0.5220898302108701,32.99294965312112,29.062638,-28.652906,2005-09-01,0.009232357706341787,0.006949033257239057,-0.03891766778541329,0.050313094716950835
2005M10,62.259989726262724,1207.0105961817906,4.131319,7.095902,-1.7900000000000027,4.131319,42.621481,-41.485894,2005M10,199.2,31.255014922822653,605.9290141474852,6.406762840837593,-1.9910050928023892,31.255014922822653,29.062638,-28.70702,2005-10-01,-0.05076985822546942,-0.017740746627494475,-0.7508337394223203,-0.5383109548774015
2005M11,58.319994885312745,1249.4803201863601,4.065945,7.130483,3.4581000000000195,4.065945,42.621481,-41.551268,2005M11,197.6,29.514167452081352,632.3280972603038,6.449408400674324,4.264555983673102,29.514167452081352,29.062638,-28.76433,2005-11-01,-0.06328293432544518,0.035185875036156666,-0.8992992559511116,0.7235019296623241
2005M12,59.410025999743624,1248.2901326556591,4.084463,7.12953,-0.09529999999999816,4.084463,42.639999,-41.551268,2005M12,196.8,30.188021341333137,634.2937665933226,6.452512201369938,0.3103800695614112,30.188021341333137,29.085213,-28.76433,2005-12-01,0.01869052143393435,-0.000952546039719504,0.07330183379930309,-0.13806685948598396
2006M01,65.48996992503669,1280.0801856620235,4.181897,7.154678,2.5147999999999726,4.181897,42.737433,-41.551268,2006M01,198.3,33.025703441773416,645.5270729510961,6.470067150462341,1.7554949092402516,33.025703441773416,29.175054,-28.76433,2006-01-01,0.10233868480918185,0.025466878392071512,1.0657730441529978,0.4917932959951323
2006M02,61.630014484644725,1280.660193347951,4.121149,7.155131,0.045300000000025875,4.121149,42.737433,-41.612016,2006M02,198.7,31.01661524139141,644.5194732501012,6.4685050364303205,-0.1562114032020112,31.01661524139141,29.175054,-28.827093,2006-02-01,-0.0589396428920379,0.00045310261999520485,-0.8477668429022422,-0.10455507403261294
2006M03,62.69000343002844,1294.8303996038132,4.138202,7.166135,1.1003999999999792,4.138202,42.754486,-41.612016,2006M03,199.8,31.376378093107327,648.0632630649716,6.473988319773638,0.5483283343317602,31.376378093107327,29.186586,-28.827093,2006-03-01,0.01719923245592958,0.01106476669569778,0.05560794409191133,0.14843546336125146
2006M04,69.43999511475072,1310.6100567895521,4.240463,7.178248,1.2113000000000262,4.240463,42.856747,-41.612016,2006M04,201.5,34.461536037097126,650.4268271908447,6.477628804601354,0.36404848277156177,34.461536037097126,29.280375,-28.827093,2006-04-01,0.10767253653537101,0.012186659496538743,1.1290582863500138,0.17518228276283257
2006M05,70.84001325312869,1270.0899452801,4.260424,7.146843,-3.140500000000035,4.260424,42.876708,-41.612016,2006M05,202.5,34.98272259413762,627.204911249432,6.441273299441497,-3.6355505159856527,34.98272259413762,29.295385,-28.827093,2006-05-01,0.02016155295034827,-0.03091698503268736,0.09075537217544603,-0.8524429902658964
2006M06,70.94997136415638,1270.200447912135,4.261975,7.14693,0.008700000000061436,4.261975,42.878259,-41.612016,2006M06,202.9,34.96795040125992,626.022892021752,6.439386939156322,-0.18863602851748595,34.96795040125992,29.295385,-28.827515,2006-06-01,0.0015522034225881054,8.700378461035108e-05,-0.13004139017374813,-0.11328316233644006
2006M07,74.40997459574801,1276.660546971264,4.30959,7.152003,0.5072999999999439,4.30959,42.925874,-41.612016,2006M07,203.5,36.56509808144865,627.3516201332993,6.441507181105441,0.21202419491190838,36.56509808144865,29.340048,-28.827515,2006-07-01,0.048766802368853446,0.005085889451344361,0.4301517840906186,0.005894259995767736
2006M08,73.03998274162049,1303.8203961672987,4.291007,7.173054,2.105099999999993,4.291007,42.925874,-41.630599,2006M08,203.9,35.82147265405615,639.4410966980375,6.460594508407682,1.9087327302240276,35.82147265405615,29.340048,-28.848062,2006-08-01,-0.01841140064313107,0.021274135290284102,-0.366906151940762,0.39183495553990194
2006M09,63.79998785562366,1335.8499033590983,4.155753,7.197323,2.426900000000032,4.155753,42.925874,-41.765853,2006M09,202.9,31.444055128449317,658.3784639522416,6.489779939156322,2.918543074864033,31.444055128449317,29.340048,-28.978399,2006-09-01,-0.1265059839715924,0.02456588904879342,-1.6494299709923825,0.4703129912553709
2006M10,58.88998251223551,1377.940125032414,4.075671,7.228345,3.1022000000000105,4.075671,42.925874,-41.845935,2006M10,201.8,29.182350105171214,682.8246407494619,6.526238078068583,3.6458138912260907,29.182350105171214,29.340048,-29.053045,2006-10-01,-0.07695934605033561,0.03150819681722972,-1.061567551514359,0.6358231469256553
2006M11,59.079972961265554,1400.6294196018582,4.078892,7.244677,1.6332000000000235,4.078892,42.929095,-41.845935,2006M11,201.5,29.320085836856354,695.1014489339248,6.544057804601354,1.7819726532771085,29.320085836856354,29.344756,-29.053045,2006-11-01,0.0032261929945482937,0.016466096136732,-0.11017978903912697,0.27720746633648474
2006M12,61.959999036604565,1418.299644998758,4.126489,7.257214,1.253700000000002,4.126489,42.976692,-41.845935,2006M12,201.8,30.70366651962565,702.8244028735172,6.555107078068583,1.104927346722917,30.70366651962565,29.390866,-29.053045,2006-12-01,0.048747924736310067,0.012615917636459972,0.4299278041959867,0.18541613927436865
2007M01,54.50999067463771,1438.239391876173,3.998384,7.271175,1.3961000000000112,3.998384,42.976692,-41.97404,2007M01,202.416,26.929684745592102,710.5364160324149,6.566020200315778,1.0913122247194984,26.929684745592102,29.390866,-29.184198,2007-01-01,-0.12023900061014459,0.014058909869805847,-1.5750732808867025,0.219818225315259
2007M02,59.280001127041345,1406.819835175995,4.082272,7.249087,-2.2088000000000108,4.082272,43.06058,-41.97404,2007M02,203.499,29.13036483080573,691.315355444496,6.53859609512243,-2.7424105193348147,29.13036483080573,29.469418,-29.184198,2007-02-01,0.08750708619407299,-0.0218458463018395,0.8897986529044618,-0.6361798061017714
2007M03,60.439991695270265,1420.8605668152886,4.101651,7.259018,0.9930999999999912,4.101651,43.079959,-41.97404,2007M03,205.352,29.432385219170136,691.9146474420938,6.539462606163753,0.08665110413232924,29.432385219170136,29.479732,-29.184198,2007-03-01,0.019567991669618534,0.009980476027008134,0.08371286868302326,0.12258510878858427
2007M04,63.98002978132957,1482.3693517395939,4.158571,7.301397,4.23789999999995,4.158571,43.136879,-41.97404,2007M04,206.686,30.95518311899672,717.2083990882759,6.575366452605344,3.5903846441590836,30.95518311899672,29.530177,-29.184198,2007-04-01,0.05857112131827669,0.04328981066887572,0.5464783584204875,0.9167062203466897
2007M05,63.44998768052403,1530.6197534758335,4.150252,7.333428,3.203099999999992,4.150252,43.136879,-41.982359,2007M05,207.949,30.51228314660038,736.0553565902377,6.601305328659014,2.5938876053669624,30.51228314660038,29.530177,-29.198609,2007-05-01,-0.008284492874059524,0.03254951384391247,-0.246752116213484,0.6606489755891403
2007M06,67.4899703884103,1503.3496538662394,4.211979,7.315451,-1.7976999999999244,4.211979,43.198606,-41.982359,2007M06,208.352,32.392283437840916,721.5431835865455,6.58139222893364,-1.9913099725373584,32.392283437840916,29.589968,-29.198609,2007-06-01,0.06367192265234034,-0.01781637767817079,0.6069984974112489,-0.5401140594628618
2007M07,74.11997024696618,1455.2703937954252,4.305685,7.282947,-3.250400000000031,4.305685,43.292312,-41.982359,2007M07,208.299,35.583449871082514,698.6449257055604,6.549142638500812,-3.2249590432828157,35.583449871082514,29.683928,-29.198609,2007-07-01,0.09823681682477692,-0.0319814222507494,1.017105079204014,-0.8778200227368115
2007M08,72.3600245642636,1473.9895748044266,4.281654,7.295728,1.2781000000000375,4.281654,43.292312,-42.00639,2007M08,207.917,34.802360828726655,708.9317250654957,6.563759224385345,1.4616585884533073,34.802360828726655,29.683928,-29.220805,2007-08-01,-0.023744554629993475,0.012863026066366023,-0.43018311557951444,0.1913074013827903
2007M09,79.90999988921503,1526.7506532915122,4.380901,7.330897,3.5168999999999784,4.380901,43.391559,-42.00639,2007M09,208.49,38.32797730788768,732.2896317768297,6.596176107530127,3.241688314478175,38.32797730788768,29.780423,-29.220805,2007-09-01,0.10433903761663643,0.03579474332041066,1.089506889486132,0.7380178353050778
2007M10,85.79999944282196,1549.3797987480193,4.452019,7.34561,1.4712999999999532,4.452019,43.462677,-42.00639,2007M10,208.936,41.06520630375902,741.5571269422308,6.608752201013921,1.2576093483794182,41.06520630375902,29.849404,-29.220805,2007-10-01,0.07370791592757664,0.014821768969098592,0.7260738481549656,0.238005394840138
2007M11,94.77000914700153,1481.1394956385363,4.551453,7.300567,-4.504299999999972,4.551453,43.562111,-42.00639,2007M11,210.177,45.09057087454932,704.710551410733,6.557787153132383,-5.096504788153844,45.09057087454932,29.942916,-29.220805,2007-11-01,0.10454556832669071,-0.04404362517481175,1.0919573411818047,-1.1653925634940756
2007M12,91.68997047015743,1468.3593969186313,4.518413,7.291901,-0.866599999999984,4.518413,43.562111,-42.03943,2007M12,210.036,43.65440708743141,699.0989149091733,6.549792241391393,-0.799491174098943,43.65440708743141,29.942916,-29.253174,2007-12-01,-0.03250014117933164,-0.008628558456200919,-0.5340666586167494,-0.3210691193044127
2008M01,92.97001297231262,1378.550687737457,4.532277,7.228788,-6.311300000000042,4.532277,43.575975,-42.03943,2008M01,211.08,44.04491802743633,653.0939396141071,6.481720977450624,-6.8071263940769455,44.04491802743633,29.951822,-29.253174,2008-01-01,0.013960550926033877,-0.06116262092893521,0.01718153939601463,-1.5735230795547468
2008M02,95.39002373712557,1330.6302750766765,4.557974,7.193408,-3.5379999999999967,4.557974,43.601672,-42.03943,2008M02,211.693,45.06054698885914,628.5660248929707,6.443441074052904,-3.8279903397719472,45.06054698885914,29.974619,-29.253174,2008-02-01,0.026030014274964763,-0.0347614440927303,0.1603836661958196,-0.944097961310066
2008M03,105.45000981478199,1322.6994960090674,4.658237,7.18743,-0.5977999999999817,4.658237,43.701935,-42.03943,2008M03,213.528,49.38462862705687,619.4501405010432,6.428832214377516,-1.4608859675388608,49.38462862705687,30.066251,-29.253174,2008-03-01,0.10546161625223593,-0.005960167310301245,1.102826093784649,-0.25745254558305763
2008M04,112.57999098956097,1385.5895556523628,4.723664,7.233881,4.645100000000024,4.723664,43.767362,-42.03943,2008M04,214.823,52.40592999332519,644.9912512404924,6.4692367527355525,4.040453835803692,52.40592999332519,30.125632,-29.253174,2008-04-01,0.06761479858847297,0.047546748020280694,0.6537800487891715,1.0181950029260285
2008M05,125.40004662387655,1400.3801297526238,4.831509,7.244499,1.0618000000000016,4.831509,43.875207,-42.03943,2008M05,216.632,57.88620638865751,646.4327198902396,6.471469124567884,0.22323718323313813,57.88620638865751,30.225091,-29.253174,2008-05-01,0.11387508136773894,0.010674571008365774,1.2026504242842084,0.13913288688289108
2008M06,133.88001655518337,1279.9995431505927,4.896944,7.154615,-8.988400000000052,4.896944,43.940642,-42.03943,2008M06,218.815,61.184112860262495,584.9688289882288,6.37155856203142,-9.991056253646402,61.184112860262495,30.280499,-29.253174,2008-06-01,0.0676233395410255,-0.08596279256211403,0.6538813857363961,-2.164778956500944
2008M07,133.3699705740062,1267.3799284852894,4.893127,7.144707,-0.9907999999999362,4.893127,43.940642,-42.043247,2008M07,219.964,60.63263560128303,576.1760690318822,6.356413289389257,-1.5145272642162588,60.63263560128303,30.280499,-29.262228,2008-07-01,-0.0038097245152859394,-0.009859077476107037,-0.19365975184008277,-0.3504056744289028
2008M08,116.66994903438238,1282.830187436974,4.759349,7.156824,1.2116999999999933,4.759349,43.940642,-42.177025,2008M08,219.086,53.25303717918186,585.5372718644614,6.372529839191798,1.6116549802540625,53.25303717918186,30.280499,-29.392006,2008-08-01,-0.12521575484908032,0.012190708251273996,-1.6341216222231605,0.17527880830575782
2008M09,104.10999661781372,1166.3599217214492,4.645448,7.061643,-9.518100000000018,4.645448,43.940642,-42.290926,2008M09,218.783,47.58596262863829,533.1126832164515,6.278732814985305,-9.379702420649316,47.58596262863829,30.280499,-29.504523,2008-09-01,-0.10765370620730508,-0.09079164713782284,-1.425750906495637,-2.2799027019748137
2009M01,41.71000382860888,825.8795998474624,3.730741,6.716449,-8.955000000000002,3.730741,43.954888,-43.219879,2009M01,211.143,19.754386282570998,391.14704245343785,5.9690835569455,-9.389297300090593,19.754386282570998,30.290402,-30.393589,2009-01-01,0.014347957846498671,-0.08565745314598527,0.02177805651891021,-2.157499421225151
2009M02,39.090012516429894,735.0900435936583,3.665867,6.599993,-11.645599999999945,3.665867,43.954888,-43.284753,2009M02,212.193,18.42191425562101,346.4252089341582,5.847666948099725,-12.141660884577465,18.42191425562101,30.290402,-30.463423,2009-02-01,-0.06281445868345703,-0.10993074083749332,-0.8937408722560694,-2.7361939646616777
2009M03,47.93998902144218,797.8702577832152,3.86995,6.681946,8.19529999999995,3.86995,44.158971,-43.284753,2009M03,212.709,22.537828216691434,375.09943527693474,5.927191151560008,7.952420346028255,22.537828216691434,30.492057,-30.463423,2009-03-01,0.22639994042704803,0.08540479460535377,2.5377387102574804,1.9207610361054637
2009M04,49.649980612116615,872.8100944103112,3.904998,6.771718,8.977199999999996,3.904998,44.194019,-43.284753,2009M04,213.24,23.283614993489312,409.3088043567394,6.014469894033531,8.727874247352307,23.283614993489312,30.524611,-30.463423,2009-04-01,0.03566941973869886,0.09392484040614213,0.27475357010829615,2.1238857251631575
2009M05,59.03001244042043,919.1395861548638,4.078046,6.823438,5.172000000000043,4.078046,44.367067,-43.284753,2009M05,213.856,27.60269173669218,429.79368647822076,6.063305294659432,4.883540062590086,27.60269173669218,30.694775,-30.463423,2009-05-01,0.18892317202667153,0.053080838593936974,2.0930832367402568,1.1501321372178455
2009M06,69.63999199836526,919.3197551697367,4.243339,6.823634,0.019599999999986295,4.243339,44.53236,-43.284753,2009M06,215.693,32.28662589808907,426.21677809188833,6.054948085599871,-0.8357209059560944,32.28662589808907,30.851515,-30.463423,2009-06-01,0.17973873152497788,0.00019601920925493843,1.9841114146065657,-0.11068414764201491
2009M07,64.1499941583957,987.4797596418458,4.161224,6.895156,7.152199999999986,4.161224,44.53236,-43.366868,2009M07,215.351,29.788575004711237,458.5443112137143,6.128056930895317,7.310884529544648,29.788575004711237,30.851515,-30.543951,2009-07-01,-0.07883398148722409,0.07414178156056761,-1.08380978165962,1.652241819652044
2009M08,71.03999298949506,1020.6204442211158,4.263243,6.928166,3.3009999999999984,4.263243,44.634379,-43.366868,2009M08,215.834,32.914180800752,472.872876479663,6.15882659228419,3.0769661388872827,32.914180800752,30.951293,-30.543951,2009-08-01,0.10740451221378056,0.03356087479837555,1.1258782234278935,0.6847606275923956
2009M09,69.41000351551301,1057.0803499889873,4.240031,6.963266,3.509999999999991,4.240031,44.634379,-43.39008,2009M09,215.969,32.13887341031028,489.45929739406455,6.193301307122213,3.447471483802289,32.13887341031028,30.951293,-30.567789,2009-09-01,-0.02294467391379218,0.035723275948774225,-0.42069266712835585,0.73631399614965
2009M10,75.71997528945424,1036.1902034170414,4.327042,6.943306,-1.99600000000002,4.327042,44.72139,-43.39008,2009M10,216.177,35.0268415647614,479.32490663532263,6.172378669420777,-2.092263770143621,35.0268415647614,31.037342,-30.567789,2009-10-01,0.09090867964775362,-0.01976211796214311,0.9301579798266906,-0.5865020601156676
2009M11,77.99003015543155,1095.630198012862,4.356581,6.999085,5.5779000000000245,4.356581,44.750929,-43.39008,2009M11,216.33,36.05141688874939,506.4624407215189,6.227450166391313,5.507149697053659,36.05141688874939,31.066173,-30.567789,2009-11-01,0.029979603893154794,0.0573639804736672,0.2072448742677876,1.2522456566580444
2009M12,74.4699732114662,1115.09959190546,4.310396,7.016699,1.7614000000000019,4.310396,44.750929,-43.436265,2009M12,215.949,34.48498173710746,516.3717321707718,6.246826917293654,1.937675090234059,34.48498173710746,31.066173,-30.612211,2009-12-01,-0.04513470423014332,0.01777004132225435,-0.6839735971238978,0.308294559827578
2010M01,78.33002574087563,1073.8697584737827,4.360931,6.979024,-3.7675000000000125,4.360931,44.801464,-43.436265,2010M01,216.687,36.14892713493455,495.58568740800445,6.205740270015947,-4.1086647277706945,36.14892713493455,31.113296,-30.612211,2010-01-01,0.05183367688945384,-0.03697412655422527,0.4665397278857345,-0.9968500764375448
2010M02,76.3900154649074,1104.4900342958992,4.335852,7.007139,2.811499999999967,4.335852,44.801464,-43.461344,2010M02,216.741,35.24483852381755,509.58980271194616,6.233606093680872,2.786582366492496,35.24483852381755,31.113296,-30.637539,2010-02-01,-0.024767134411342928,0.02851395672566026,-0.4423158505055203,0.564438074382049
2010M03,81.19997992999073,1169.4303162207689,4.396915,7.064272,5.713300000000032,4.396915,44.862527,-43.461344,2010M03,217.631,37.31085182257616,537.345468348153,6.286641217917933,5.303512423706103,37.31085182257616,31.170262,-30.637539,2010-03-01,0.06296587892815597,0.058796620981979686,0.5986214088867776,1.2864009493156854
2010M04,84.28998027535073,1186.6897651469492,4.434263,7.078923,1.4650999999999748,4.434263,44.899875,-43.461344,2010M04,218.009,38.66353236579716,544.3306309129207,6.29955683964751,1.291562172957672,38.66353236579716,31.205874,-30.637539,2010-04-01,0.038054200851085795,0.014758851969869813,0.3030485917983918,0.2365054033842697
2010M05,73.73997103449133,1089.410496474501,4.300545,6.993392,-8.553099999999958,4.300545,44.899875,-43.595062,2010M05,218.178,33.798078190510196,499.32188235042076,6.213250942603552,-8.630589704395764,33.798078190510196,31.205874,-30.772032,2010-05-01,-0.12516326621972862,-0.08197531615215536,-1.6334988535764803,-2.0697143377376506
2010M06,75.33998476143968,1030.7098308194236,4.322011,6.938003,-5.538899999999991,4.322011,44.921341,-43.595062,2010M06,217.965,34.5651754921385,472.8785955632435,6.158838686547322,-5.441225605622968,34.5651754921385,31.228317,-30.772032,2010-06-01,0.021698052013065627,-0.05388296316681529,0.10898567183715573,-1.3999702309021946
2010M07,76.31999792867283,1101.600057928249,4.334935,7.004519,6.651600000000002,4.334935,44.934265,-43.595062,2010M07,218.011,35.007406932986335,505.2956309214898,6.225143665756405,6.63049792090824,35.007406932986335,31.24103,-30.772032,2010-07-01,0.013007875835604699,0.06877806438740097,0.005878211720659505,1.5243665231492867
2010M08,76.59999412121483,1049.3298486403887,4.338597,6.955907,-4.861200000000032,4.338597,44.937927,-43.595062,2010M08,218.312,35.087395159778126,480.65605584685625,6.175151953718538,-4.999171203786634,35.087395159778126,31.243312,-30.772032,2010-08-01,0.0036687133142179196,-0.04744935234132397,-0.1049293608223303,-1.246587816182638
2010M09,75.23999966647389,1141.2004344100226,4.320683,7.039836,8.392900000000036,4.320683,44.937927,-43.612976,2010M09,218.439,34.444398512387394,522.4343795796642,6.25849938663075,8.33474329122117,34.444398512387394,31.243312,-30.790528,2010-09-01,-0.017754498160781007,0.08755167489867,-0.35911211588024955,1.9719443750475616
2010M10,81.89000955802962,1183.260449579684,4.405377,7.076029,3.619299999999992,4.405377,45.022621,-43.612976,2010M10,218.711,37.4421083338422,541.0155180030653,6.293447962359441,3.494857572869048,37.4421083338422,31.326762,-30.790528,2010-10-01,0.08838397024234568,0.03685594037773532,0.900202732774392,0.7633176197590612
2010M11,84.25003629217213,1180.5503416949325,4.433789,7.073736,-0.22929999999998785,4.433789,45.051033,-43.612976,2010M11,218.803,38.50497310008187,539.5494310840951,6.290734404382526,-0.2713557976914416,38.50497310008187,31.354753,-30.790528,2010-11-01,0.028819470737393438,-0.0022903730837232628,0.19348009198434732,-0.16996172351372105
2010M12,89.14996930484459,1257.6397135286331,4.49032,7.136992,6.325599999999998,4.49032,45.107564,-43.612976,2010M12,219.179,40.67450317085331,573.7957165278759,6.352273438423332,6.153903404080552,40.67450317085331,31.409567,-30.790528,2010-12-01,0.058159417233719646,0.06529952100392622,0.5415935595842611,1.4414352737566334
2011M01,89.17003030471606,1286.119726003204,4.490545,7.159385,2.2393000000000107,4.490545,45.107789,-43.612976,2011M01,220.223,40.49078902054556,584.0079038080509,6.36991451665454,1.7641078231208418,40.49078902054556,31.409567,-30.795054,2011-01-01,0.00022502531439894113,0.022645605230342758,-0.1457881323643746,0.42453189304939415
2011M02,88.57999127530873,1327.2202547180157,4.483906,7.190842,3.1456999999999624,4.483906,45.107789,-43.619615,2011M02,221.309,40.02548078718386,599.7136378177189,6.396452270982621,2.6537754328081142,40.02548078718386,31.409567,-30.806613,2011-02-01,-0.006617010529109679,0.03195700049056649,-0.2269677222189411,0.6465229845469563
2011M03,102.86001642193254,1325.8300564821852,4.633369,7.189794,-0.10479999999999379,4.633369,45.257252,-43.619615,2011M03,223.467,46.02917496629593,593.3001546009858,6.385700433842662,-1.0751837139959086,46.02917496629593,31.549326,-30.806613,2011-03-01,0.1612105052284456,-0.001047451039786762,1.7642771655778775,-0.14032947040139693
2011M04,109.52994695072852,1363.6101721342936,4.696198,7.217891,2.8096999999999817,4.696198,45.320081,-43.619615,2011M04,224.906,48.70032233498818,606.3022650059552,6.407378648854898,2.16782150122361,48.70032233498818,31.605737,-30.806613,2011-04-01,0.06484473521213396,0.028495443641057605,0.6209137186638034,0.5639967076756557
2011M05,100.90000732942036,1345.2000270841024,4.61413,7.204298,-1.3593000000000188,4.61413,45.320081,-43.701683,2011M05,225.964,44.653133830796214,595.3160800322628,6.389092491439527,-1.8286157415371207,44.653133830796214,31.605737,-30.893374,2011-05-01,-0.07879068566690983,-0.013501032352505882,-1.0832960841263246,-0.43723278418014566
2011M06,96.26001310339689,1320.6403346974746,4.567053,7.185872,-1.8425999999999831,4.567053,45.320081,-43.74876,2011M06,225.722,42.64538374788319,585.0738229758174,6.37173803239123,-1.7354459048297244,42.64538374788319,31.605737,-30.939379,2011-06-01,-0.045986064310924446,-0.018257279134809568,-0.6940748394671301,-0.5506255019338107
2011M07,97.30000105162233,1292.2795100595406,4.577799,7.164163,-2.1708999999999534,4.577799,45.330827,-43.74876,2011M07,225.922,43.0679619743196,572.0025097420971,6.349143379031181,-2.259465336004851,43.0679619743196,31.615597,-30.939379,2011-07-01,0.010803945633254264,-0.021475055617190986,-0.020271044726841395,-0.6273398603684104
2011M08,86.3299859931804,1218.8901371133468,4.458177,7.105696,-5.846700000000027,4.458177,45.330827,-43.868382,2011M08,226.545,38.107213133452696,538.0344466279754,6.2879225853016765,-6.122079372950484,38.107213133452696,31.615597,-31.061755,2011-08-01,-0.1127442439864087,-0.05679063420483432,-1.486149270155026,-1.4692914281456446
2011M09,85.51997719038322,1131.4202715782978,4.44875,7.031229,-7.446700000000028,4.44875,45.330827,-43.877809,2011M09,226.889,37.692429862348206,498.66686863545516,6.211938274883855,-7.598431041782128,37.692429862348206,31.615597,-31.072699,2011-09-01,-0.009382705134009517,-0.07176189458895832,-0.25978221761533216,-1.8262182195539218
2011M10,86.31997229561085,1253.2995593178944,4.458061,7.133535,10.230600000000045,4.458061,45.340138,-43.877809,2011M10,226.421,38.12366003842879,553.5262008903302,6.316309087776907,10.437081289305183,38.12366003842879,31.626973,-31.072699,2011-10-01,0.009354482210006898,0.10772238292105074,-0.037468681351334306,2.452830146194532
2011M11,97.15998988234384,1246.9601643732863,4.576359,7.128464,-0.5071000000000048,4.576359,45.458436,-43.877809,2011M11,226.23,42.94743839559026,551.1913381838334,6.3120820051054265,-0.4227082671480531,42.94743839559026,31.746115,-31.072699,2011-11-01,0.1255794840805824,-0.0050581641854707815,1.341521168818932,-0.23594807148230773
2011M12,98.56004930118203,1257.599469701705,4.590666,7.13696,0.8496000000000059,4.590666,45.472743,-43.877809,2011M12,225.672,43.67402659664559,557.2687217296364,6.323047568345206,1.0965563239779819,43.67402659664559,31.762891,-31.072699,2011-12-01,0.014409834959159706,0.008532193435197621,0.02251221792088143,0.08805689638132697
2012M01,100.27004536859216,1312.4094478874983,4.607867,7.17962,4.26599999999997,4.607867,45.489944,-43.877809,2012M01,226.665,44.23710999430532,579.0084256005553,6.361317029454258,3.826946110905194,44.23710999430532,31.775702,-31.072699,2012-01-01,0.017349789083249023,0.0435830162991353,0.05739427283020271,0.9236964764872062
2012M02,102.20003293195178,1365.6803385896733,4.626932,7.219408,3.9787999999999712,4.626932,45.509009,-43.877809,2012M02,227.663,44.890927788859756,599.8692534973505,6.396711720632381,3.5394691178122883,44.890927788859756,31.790373,-31.072699,2012-02-01,0.019247897577636452,0.04059014569570629,0.07991500680443801,0.8523440536334255
2012M03,106.15995859506529,1408.4695945929986,4.664947,7.250259,3.0851000000000184,4.664947,45.547024,-43.877809,2012M03,229.392,46.27884084670141,614.0011833860809,6.419996855484179,2.328513485179773,46.27884084670141,31.820823,-31.072699,2012-03-01,0.03874681396384827,0.03133182399587997,0.3112663284060269,0.6316182781570414
2012M04,103.32000328272034,1397.9106387904685,4.637831,7.242734,-0.7525000000000226,4.637831,45.547024,-43.904925,2012M04,230.085,44.90514517796481,607.5627002153415,6.409455380119909,-1.0541475364269637,44.90514517796481,31.820823,-31.102832,2012-04-01,-0.02675166183115829,-0.007496758072069953,-0.4658619303099105,-0.29408609521307405
2012M05,94.65001157992356,1310.329616245608,4.550186,7.178034,-6.469999999999931,4.550186,45.547024,-43.99257,2012M05,229.815,41.18530625934929,570.1671415032125,6.345929548552265,-6.352583156764435,41.18530625934929,31.820823,-31.189303,2012-05-01,-0.08391397045422644,-0.06265137421132971,-1.1440829854602443,-1.6090161455124465
2012M06,82.29999113768756,1362.1600625062708,4.410371,7.216827,3.8793000000000077,4.410371,45.547024,-44.132385,2012M06,229.478,35.864000530633675,593.5906982396007,6.386190021648859,4.026047309659386,35.864000530633675,31.820823,-31.32765,2012-06-01,-0.13048091844983556,0.03955527343506815,-1.6965918915117995,0.8276718733339834
2012M07,87.90001716765127,1379.3201336766665,4.4762,7.229346,1.251899999999928,4.4762,45.612853,-44.132385,2012M07,229.104,38.36686272070818,602.0497824903391,6.400340137056441,1.4150115407582042,38.36686272070818,31.888283,-31.32765,2012-07-01,0.06804406601447743,0.012597690713984422,0.6588732336800444,0.18498159490138158
2012M08,94.13001830272098,1406.5806961314088,4.544677,7.248917,1.9571000000000005,4.544677,45.68133,-44.132385,2012M08,230.379,40.85876677245799,610.5507429632947,6.414361407153722,1.4021270097281047,40.85876677245799,31.95121,-31.32765,2012-08-01,0.07087599451985604,0.019763767517898545,0.6924735830237566,0.35582658289709407
2012M09,94.5100331723576,1440.6706308123626,4.548706,7.272864,2.3947000000000607,4.548706,45.685359,-44.132385,2012M09,231.407,40.84147548361008,622.5700306440007,6.433856121037829,1.9494713884107284,40.84147548361008,31.95121,-31.328074,2012-09-01,0.004037127331840917,0.024236031942364233,-0.10055819125652293,0.4624489346829638
2012M10,89.49001009494086,1412.16038681725,4.494127,7.252876,-1.998800000000056,4.494127,45.685359,-44.186964,2012M10,231.317,38.68717391931455,610.4870748009225,6.41425712182938,-1.9598999208449541,38.68717391931455,31.95121,-31.382264,2012-10-01,-0.053116297909468924,-0.019789564238591018,-0.778673846595433,-0.5871564012424204
2012M11,86.52998489024978,1416.179455027356,4.460491,7.255718,0.2842000000000233,4.460491,45.685359,-44.2206,2012M11,230.221,37.58561768485489,615.1391293701946,6.421848468839338,0.7591347009958227,37.58561768485489,31.95121,-31.41115,2012-11-01,-0.033076599293605624,0.0028460423105085564,-0.5409062359524187,-0.04750548275877696
2012M12,87.86003175721065,1426.1902396993457,4.475745,7.262762,0.7044000000000494,4.475745,45.700613,-44.2206,2012M12,229.601,38.26639768869066,621.1602909827683,6.431589166151468,0.9740697312130564,38.26639768869066,31.969161,-31.41115,2012-12-01,0.015370936082420794,0.007068867322183037,0.033915519040550575,0.0531700344270652
2013M01,94.759964058431,1498.1106102958636,4.551347,7.31196,4.919799999999963,4.551347,45.776215,-44.2206,2013M01,230.28,41.14988885636225,650.5604526210976,6.477834226180483,4.624506002901452,41.14988885636225,32.04181,-31.41115,2013-01-01,0.07853323249742705,0.05042831495725242,0.7833254073426513,1.0868938575750438
2013M02,95.31002507134313,1514.6792812677968,4.557135,7.322959,1.099899999999998,4.557135,45.782003,-44.2206,2013M02,232.166,41.052533562771096,652.4121883771943,6.480676552940823,0.2842326760339908,41.052533562771096,32.04181,-31.413519,2013-02-01,0.0058047828360610065,0.011059711384502569,-0.07958525979009441,0.1483149407093049
2013M03,92.9399885073347,1569.190248495194,4.531954,7.358315,3.5356000000000165,4.531954,45.782003,-44.245781,2013M03,232.773,39.92730621993733,674.1289790891531,6.5134214562383805,3.274490329755775,39.92730621993733,32.04181,-31.441311,2013-03-01,-0.024866603090644146,0.03598845504889403,-0.44349602944257005,0.7426360774524818
2013M04,92.02000508619194,1563.0698201106381,4.522006,7.354407,-0.39080000000000226,4.522006,45.782003,-44.255729,2013M04,232.531,39.5732203818811,672.1984682088143,6.510553636515446,-0.28678197229341507,39.5732203818811,32.04181,-31.450219,2013-04-01,-0.00989868232090596,-0.0039003737057538013,-0.26590419904960166,-0.20834542277768353
2013M05,94.5100331723576,1639.84007365628,4.548706,7.402354,4.794699999999974,4.548706,45.808703,-44.255729,2013M05,232.945,40.57182303649256,703.960193889665,6.556721811789077,4.616817527363093,40.57182303649256,32.066731,-31.450219,2013-05-01,0.02705963864958849,0.04911505075327205,0.17259998402109372,1.0555845912493358
2013M06,95.76995369200525,1618.7701933072467,4.561949,7.389422,-1.2932000000000166,4.561949,45.821946,-44.255729,2013M06,233.504,41.01426686138364,693.2515902542341,6.541392978404882,-1.5328833384195661,41.01426686138364,32.077577,-31.450219,2013-06-01,0.0133310768958248,-0.012848740976340922,0.00971293724816775,-0.42168163738393216
2013M07,104.67004774347376,1668.6797101449806,4.650813,7.419788,3.0365999999999893,4.650813,45.91081,-44.255729,2013M07,233.596,44.808150714684224,714.3442996219886,6.571365058468295,2.9972080063413564,44.808150714684224,32.166047,-31.450219,2013-07-01,0.09293200746542163,0.030831749339148562,0.9541644197425906,0.6196960993883778
2013M08,106.56999507296375,1670.0903404074036,4.668802,7.420633,0.08449999999999847,4.668802,45.928799,-44.255729,2013M08,233.877,45.56668465602164,714.0891752534039,6.571007849853705,-0.03572086145906539,45.56668465602164,32.182834,-31.450219,2013-08-01,0.018151776658652086,0.0008453571130797588,0.06690971880692136,-0.09520341398262695
2013M09,106.28997793999216,1687.1702563357246,4.666171,7.430808,1.0175000000000267,4.666171,45.928799,-44.25836,2013M09,234.149,45.394162665649716,720.5541156851939,6.580020521134263,0.9012671280558493,45.394162665649716,32.182834,-31.454012,2013-09-01,-0.002627541952872181,0.010226941330703454,-0.17963335710246678,0.1284610382550655
2013M10,100.54003435810014,1720.0299801923825,4.610556,7.450097,1.9289000000000556,4.610556,45.928799,-44.313975,2013M10,233.546,43.04934974613144,736.4844528240186,6.601888126140186,2.1867605005922996,43.04934974613144,32.182834,-31.507049,2013-10-01,-0.054096761457023135,0.019476234679494775,-0.7903068795812684,0.3489715706400898
2013M11,93.85997086902627,1783.5392288725006,4.541804,7.486355,3.6257999999999235,4.541804,45.928799,-44.382727,2013M11,233.069,40.271323457442335,765.2408638096447,6.640190638923341,3.830251278315533,40.271323457442335,32.182834,-31.573756,2013-11-01,-0.06644182620110362,0.036923338204264855,-0.9367789699903429,0.7649244377125175
2013M12,97.47003525011782,1805.749463817006,4.579545,7.498731,1.2376000000000609,4.579545,45.96654,-44.382727,2013M12,233.049,41.823837583563034,774.8368213624628,6.652652454103242,1.2461815179900526,41.823837583563034,32.220661,-31.573756,2013-12-01,0.03846223632573986,0.012452899597025446,0.307889863203007,0.18152965916086164
